profile_id,name,profile_url
00080db6-0ae5-4a2f-ba34-2795301b9450,Ulysses Magalang,https://medicine.osu.edu/find-faculty/clinical/internal-medicine/ulysses-magalang-md
000a7959-fef1-422b-9093-5cee5f2be765,Amber Bruney,https://fisher.osu.edu/people/bruney.22
00369b5e-4e39-4d73-bb54-e5d692e1bfe6,Sarah Yoest,https://wexnermedical.osu.edu/find-a-doctor/sarah-yoest-od-10855
007a7700-98de-4dab-b81e-9f76c7da4c9c,Marlena Harper,https://fisher.osu.edu/people/harper.1076
00808623-f820-4403-9646-e05a1b2c1d79,Jon Bullock,https://engineering.osu.edu/people/bullock.151
0081b705-be99-4cda-8252-5f515c3cdc9a,Yuzi Zhang,https://cph.osu.edu/people/zhang15684
00ade87d-bb12-468a-87f0-68dda5d6c117,Ariel Rodgers,https://wexnermedical.osu.edu/find-a-doctor/ariel-rodgers-md-166597
00be2b3b-b8b9-4f31-a31e-06cabc15f61f,Angela Harden,https://hrs.osu.edu/faculty-and-staff/faculty-directory/harden-angela
00cd1452-b7fd-4a6c-b088-d46cd02fe70c,Sam Parkinson,https://vet.osu.edu/people/samantha-parkinson
00f55b1d-aee7-437c-9a91-5673649ff9ac,Brooke Lynn Felts,https://glenn.osu.edu/brooke-lynn-felts
0100cec2-1dc6-4acb-b63c-8e1c9236da3d,Kristen Krug,https://fisher.osu.edu/people/krug.55
010fb98c-8fb2-4a42-b48c-bb270924a038,Kristopher Fisher,https://wexnermedical.osu.edu/find-a-doctor/kristopher-fisher-md-111584
011052fd-8065-41d0-a925-49a5c0d3af55,Phillip Hamilton,https://wexnermedical.osu.edu/find-a-doctor/phillip-hamilton-md-96012
0133c9c6-e5b3-4583-bdba-b28c04429809,Tibor Nadasdy,https://pathology.osu.edu/faculty/nadasdy.html
014070d7-70f7-4f63-9025-1cdfd34eeb98,Gurneet Sandhu,https://wexnermedical.osu.edu/find-a-doctor/gurneet-sandhu-md-26429
015f913f-aa3f-416b-9c2c-fa068486768d,Bradley Youngblood,https://vet.osu.edu/people/bradley-youngblood
016af3e3-222e-4112-9854-acae8bc15432,Renee Ripley,https://engineering.osu.edu/people/ripley.25
016e0af3-845a-4ac8-a709-1bc98411f8be,Eric Rinehart,https://engineering.osu.edu/people/rinehart.332
01856a14-954f-4d51-9547-97c456ddb096,Robert Newcomb,https://optometry.osu.edu/directory/faculty/robert-newcomb
019c7d1c-b8e5-4657-b3e2-04972422ed25,Krayton Blower,https://wexnermedical.osu.edu/find-a-doctor/krayton-blower-do-92639
01afbd73-7c7a-4d30-94f3-1668f8aca8fc,Phillip Ward,https://ehe.osu.edu/directory?id=ward.116
01b05c77-00cb-4751-b5e5-1f0aea93d7db,Ibrahima Diallo,https://engineering.osu.edu/people/diallo.230
01ce651a-8ed7-4459-81c6-6cdcf0ad826c,Amy Mackos,https://nursing.osu.edu/faculty-and-staff/amy-mackos
01d11609-0371-49f1-b91f-a13994badfd8,Ramesh Ganju,https://pathology.osu.edu/faculty/ganju.html
01f00c53-2991-473e-8935-643a90f3c75b,Vivek Mendiratta,https://wexnermedical.osu.edu/find-a-doctor/vivek-mendiratta-md-136832
01f98103-9365-400e-adbe-a39c464bc506,Dawnne Wise,https://cph.osu.edu/people/dwise
0219d8c4-0fdb-4a34-b8fb-f56e2d4831d4,William Abraham,https://wexnermedical.osu.edu/find-a-doctor/william-abraham-md-19621
02600580-838f-4a50-9880-1e895feef350,Rejuan Haque,https://medicine.osu.edu/find-faculty/non-clinical/biomedical-informatics/rejuan-haque
02c537f8-0821-43b4-a19f-1da55fdc2e75,Andrea Fuller,https://wexnermedical.osu.edu/find-a-doctor/andrea-fuller-md-53877
02da25d2-ce42-490f-a20d-08faaffdfb5c,Vijay Duggirala,https://wexnermedical.osu.edu/find-a-doctor/vijay-duggirala-md-48920
032a65be-d09c-454d-bc7f-175ecbec8ff6,Audrey Wanstrath,https://vet.osu.edu/people/audrey-wanstrath
032bf08e-b0c8-4e4a-9a01-4b2d51519136,Patricia Bermudez,https://dentistry.osu.edu/faculty/patricia-bermudez-dds-mph
03327f83-4b8b-4dcd-bf59-eedb3ed8e52e,Rick Freuler,https://engineering.osu.edu/people/freuler.1
033a4221-27af-4964-af30-fece6c8c29ad,Robert Hamlin,https://vet.osu.edu/people/robert-hamlin
0344ba26-1572-4258-afbe-64f788912c06,Cate Jordan,http://www.nationwidechildrens.org/catherine-olson-jordan
034cbb90-e444-4516-b3ad-a56b0ae3403f,Sandhya Elango,https://fisher.osu.edu/people/elango.1
039178a8-7fe3-41d3-b6b3-724b2591d054,Ashley Strong,https://engineering.osu.edu/people/strong.217
03c4be08-c3f7-4602-88b0-69b522563175,Christopher Keener,https://engineering.osu.edu/people/keener.95
03cdce34-e612-454e-99d0-4ff5113c910f,Matthew McCrink,https://engineering.osu.edu/people/mccrink.2
040d86a2-9598-493f-8399-fd574a5c97b7,Wandi Zhu,https://medicine.osu.edu/find-faculty/non-clinical/molecular-medicine-and-therapeutics/wandi-zhu
041943ce-058d-441d-baf9-e011d5c1db68,Sarah Burke,https://engineering.osu.edu/people/burke.972
045449de-86a7-48b1-8262-c26fba5c87de,Wolfgang Sadee,https://cph.osu.edu/people/wsadee
0456622a-24e7-4d2b-891a-c45e5e832108,Richard Richardson,https://engineering.osu.edu/people/richardson.11
048522cc-18df-4762-b3af-feb530fa495d,Brooke Lee,https://nursing.osu.edu/faculty-and-staff/brooke-lee
0495e1c0-802e-4ebd-9ef2-434934b29794,Rich Willy,https://hrs.osu.edu/faculty-and-staff/faculty-directory/willy-rich
04b22800-e7bc-417c-96d5-cdc1ddc44fb9,Sarah Heintzman,https://wexnermedical.osu.edu/find-a-doctor/sarah-heintzman-aprn-cnp-116442
04d66d84-8214-4a8d-a4eb-2b1720625ab1,Ashley Fang,https://wexnermedical.osu.edu/find-a-doctor/ashley-fang-do-122442
04e6a269-5d74-4427-97eb-97c0ce73fd5a,Mark Wilson,https://engineering.osu.edu/people/wilson.222
04efcd5c-9a3c-4e2b-8613-c4c288c6f802,Brian Dalm,https://wexnermedical.osu.edu/find-a-doctor/brian-dalm-md-97861
0520df12-f5e3-4e62-813d-0c8002fd335e,Julie Mansfield,https://hrs.osu.edu/faculty-and-staff/faculty-directory/mansfield-julie
0561dcd9-284a-42a1-ab5e-3acc9b6b514b,John Mark Reddish,https://vet.osu.edu/people/john-mark-reddish
056c1317-2596-4b5b-97ea-08034944138f,Gary Schneider,https://wexnermedical.osu.edu/find-a-doctor/gary-schneider-do-123552
056fb098-09cb-4fb5-a631-950dba59c7ba,Amy Malone,https://cph.osu.edu/people/amalone
057579e3-b6a7-4c68-a5ed-91cf87fde6a0,Paul Moodispaw,https://wexnermedical.osu.edu/find-a-doctor/paul-moodispaw-md-2506
05b0741c-cf14-430a-8c48-14327f3a15db,Sam Carruthers,https://glenn.osu.edu/sam-carruthers
05ec93f6-4a8a-4d23-a5ee-76df61e13413,Alexandria Miller,https://wexnermedical.osu.edu/find-a-doctor/alexandria-miller-md-110494
05f991db-aa8b-45f5-be17-5e66dfba5236,Andrew Dattilo,https://engineering.osu.edu/people/dattilo.35
06040c6c-43e2-4035-b59f-364e9755de5a,Daniel R. Boué,https://www.nationwidechildrens.org/find-a-doctor/profiles/daniel-r-boue
063634a3-7484-4f4d-ae8a-a22f9ff9b044,Nicholas Pastis,https://wexnermedical.osu.edu//find-a-doctor/nicholas-pastis-md-99621
063cf3a3-b70c-4fd4-8d8d-f71a1da6c698,Wen Xu,https://wexnermedical.osu.edu/find-a-doctor/wen-xu-md-168494
06a1e875-e8b4-4543-a899-e29c57d4c333,Sabhya Rana,https://medicine.osu.edu/find-faculty/non-clinical/neuroscience/sabhya-rana-phd
06ae9141-5920-4032-b2d3-2b75a1eef51b,George Koch,https://wexnermedical.osu.edu/find-a-doctor/george-koch-md-165314
06afb41c-d976-4acf-9f51-73f3aeab0101,Melissa Parris,https://engineering.osu.edu/people/parris.47
06d6a761-d436-4915-b9e7-d5c88a20a57f,Leah Herner-Patnode,https://ehe.osu.edu/directory?id=herner-patnode.1
06e19209-ca27-4cde-9a9d-c92e631d5cfd,Terri Miller,https://wexnermedical.osu.edu/find-a-doctor/theresa-miller-aprn-cnp-28676
06e2c2fb-9909-4d95-9dd1-de035c987b09,Charles Brooks,https://vet.osu.edu/people/charles-brooks
06ec8837-8c63-4faa-9f8e-e41494b75b04,Joshua Joseph,https://wexnermedical.osu.edu/find-a-doctor/joshua-joseph-md-71922
073540e4-5e12-48d5-a884-106c207e829b,Chad Weiss,https://engineering.osu.edu/people/weiss.232
0744dd57-51fc-4daf-977b-27061a0c452a,Phillip Glivar,https://wexnermedical.osu.edu/find-a-doctor/phillip-glivar-md-177784
0763087a-b01a-4a27-a86d-1480537231b1,Hea-Jin Lee,https://ehe.osu.edu/directory?id=lee.1129
076d122a-f436-4e66-a15b-7ffc01f84c70,Carolynn Jones,https://nursing.osu.edu/faculty-and-staff/carolynn-thomas-jones
077c141e-58ec-4d92-a692-a311f945750f,Zachary Jordan,https://wexnermedical.osu.edu/find-a-doctor/zachary-jordan-md-70637
078fa3bd-4105-4de6-a092-70eb40ef7b5a,Hongping Zhao,https://engineering.osu.edu/people/zhao.2592
07a2f657-f423-4a4d-b156-5d18218c1289,Azita Manouchehri,https://ehe.osu.edu/directory?id=manouchehri.1
07a4d4a7-be9b-41a9-a4e4-2baf85132add,Rhodesia McMillian,https://ehe.osu.edu/directory?id=mcmillian.27
08169733-3acb-474b-be55-c58d2d37c45d,Dianne Morrison-Beedy,https://nursing.osu.edu/faculty-and-staff/dianne-morrison-beedy
08175f78-814b-4c69-be56-76fce21bfc06,Jenna Markle,https://glenn.osu.edu/jenna-markle
083a4c22-88b5-4822-b20d-3354ee4e560d,Casey Cempre,https://optometry.osu.edu/directory/graduate-student/casey-cempre
087df9a0-0042-4df3-b62d-af607a5f6204,Yassmine Akkari,https://www.nationwidechildrens.org/find-a-doctor/profiles/yassmine-mn-akkari
088ddbb8-9c37-4143-82f5-e803462543c3,"Bales, Amber",https://engineering.osu.edu/people/bales.94
08a2cf9a-c7b4-4c58-90aa-cb64c7829373,Heather Sergio,https://engineering.osu.edu/people/sergio.7
08ac4dae-28ae-44bc-a104-2f523276f626,"Baldwin, Ross",https://engineering.osu.edu/people/baldwin.130
08bd340e-94fc-4689-abe6-fdaf1d320647,Heather Powell,https://engineering.osu.edu/people/powell.299
08cb5059-fbec-4f3d-a02c-77665db58218,Dan Spetie,https://wexnermedical.osu.edu/find-a-doctor/dan-spetie-md-3640
098e0362-dfe7-401f-bad0-133046602aaa,Rhonda Andrews,https://optometry.osu.edu/directory/staff/rhonda-andrews
09cc398e-e520-4221-b868-d1afba11c40c,Leigh Evrard,https://engineering.osu.edu/people/evrard.2
0a0e70d4-c2f6-4df7-b9f9-cf7310f6d4c7,Chad Snyder,https://fisher.osu.edu/people/snyder.1592
0a7f59de-f324-439a-823a-1e41e1742593,Chad Wampler,https://fisher.osu.edu/people/wampler.75
0abe9008-eaf6-4719-af1f-3d40c944a7f6,Brittany Dulmage,https://wexnermedical.osu.edu/find-a-doctor/brittany-dulmage-md-95704
0b1d2f69-bec9-4d1d-a916-079daa11a8e8,Celia E. Wills,https://nursing.osu.edu/faculty-and-staff/celia-e-wills
0b57f15b-075d-4112-8bf7-e0e8e6fb824e,Cassidy Brozovich,https://engineering.osu.edu/people/brozovich.8
0c166973-ac1a-41f3-a35e-f717cb465209,Henry Zhou,https://engineering.osu.edu/people/zhou.3890
0cb0bc0d-99ab-471f-8560-b3ab1d065c78,Richard Samuels,https://artsandsciences.osu.edu/people/samuels.58
0d76bf00-75a7-4e09-b46e-b3e910d5825f,"Baig, Harris",https://engineering.osu.edu/people/baig.77
0d9ecfda-c762-4c09-90c7-cec87783af39,Jiyong Kim,https://engineering.osu.edu/people/kim.9854
0ea4f6e8-955a-4cfa-ae15-a2292953b667,Lauren Pintor,https://senr.osu.edu/our-people/lauren-m-pintor
0edf3e9a-8e50-436a-81cd-e4d5a0bd4280,Holly Dabelko-Schoeny,https://csw.osu.edu/faculty/dabelko-schoeny-holly-ph-d/
0f005e96-d61d-4756-b255-89379f1766b5,Alexys Rodriguez Avellaneda,https://engineering.osu.edu/people/rodriguezavellaneda.1
0fd8d0e3-58a9-4ee8-b30d-08241f278fa1,Hanqi Guo,https://engineering.osu.edu/people/guo.2154
0fdb80b0-34a2-472c-bb98-a837f1ce521f,Catherine Park,https://fisher.osu.edu/people/park.2888
106bd02e-0a73-4432-8fc9-33e14b1d2b91,Jessica Bashioum,https://engineering.osu.edu/people/bashioum.2
10a8d657-60c9-4fdc-9c5d-c91337813bea,Britni Lookabaugh,https://wexnermedical.osu.edu/find-a-doctor/britni-lookabaugh-md-80425
10b46c4a-7455-437a-a189-1a1f60a8068c,Abby Matias,https://engineering.osu.edu/people/matias.10
10d2b09a-76cb-4d82-a69d-f39d9f1a7ad5,Hamza Salem,https://engineering.osu.edu/people/salem.97
10de44c5-9c1f-41e3-ab60-fea46f4a7cd7,Haley Griffin,https://hrs.osu.edu/faculty-and-staff/faculty-directory/griffin-haley
10f718c9-b783-4098-95f8-bffc4c8a9a7b,Jessica Truelove,https://wexnermedical.osu.edu/find-a-doctor/jessica-truelove-aprn-cnp-63164
1133a2a3-be33-4879-9994-b74aaf7773ac,Reyhan Motlagh,https://engineering.osu.edu/people/motlagh.2
11ab5d84-59ac-4b3a-8849-6f3831a09a14,Brittany Punches,https://nursing.osu.edu/faculty-and-staff/brittany-punches
11ed2b87-64db-42d0-a5ab-b0470ba58873,Erin L. Gross,https://dentistry.osu.edu/faculty/erin-l-gross-dds-phd-ms
126407b2-9d25-4334-9f11-d697fb3ede1e,Leah Fleming,https://nursing.osu.edu/faculty-and-staff/leah-fleming
1273850c-624c-4932-bb72-42c02d27fa08,Ziwei Li,https://engineering.osu.edu/people/li.5326
13a4cc2d-aaff-4c45-9d8b-25b5b97d9673,Joanna Peng,https://wexnermedical.osu.edu/find-a-doctor/joanna-peng-md-166840
149ac522-6990-40ae-9187-e749f74845bc,Daralee Hughes,https://wexnermedical.osu.edu/find-a-doctor/daralee-hughes-md-42721
14d9e09a-b7c6-4877-adc1-cb16336b00a1,Chandrima Chakraborty,https://engineering.osu.edu/people/chakraborty.152
14ef0423-fe37-4f81-b7c2-1f9aed11fb8e,Heeyeon Baek,https://engineering.osu.edu/people/baek.165
15226060-e602-484c-8c5c-3f7e28756804,Haverly Snyder,https://wexnermedical.osu.edu/find-a-doctor/haverly-snyder-md-96817
159058fe-b3a9-4676-a69d-bd45b578e209,Kris Shen,https://fisher.osu.edu/people/shen.1732
15a43096-b8d4-4344-8284-aa099811e66c,Mark Bechtel,https://wexnermedical.osu.edu/find-a-doctor/mark-bechtel-md-1057
15d9e35b-17a6-4d0c-96f4-6d0948c07769,Jami Shah,https://engineering.osu.edu/people/shah.493
15f00d1f-88d4-4a00-92a5-184709e34242,Mayra Artiles,https://engineering.osu.edu/people/artiles.2
163b0c43-ca60-4309-909f-38222d1ff1d9,Narayan Dhakal,https://optometry.osu.edu/directory/staff/narayan-dhakal
166e9d51-b7da-4dd9-869d-f403fc4503c7,Christopher Ellis,https://engineering.osu.edu/people/ellis.729
16a23444-2696-4971-a516-1020eb00e8b7,Harsh Kohli,https://engineering.osu.edu/people/kohli.120
16f569e8-4639-4d12-82ad-4ced710ab96b,Haocheng Zhu,https://engineering.osu.edu/people/zhu.2991
175f3449-e604-45c1-9fde-e3dc09cbb0c1,Douglas Way,https://engineering.osu.edu/people/way.1
176d6d2a-5fde-4145-8bf0-593ed0ceb95a,Brian Javor,https://engineering.osu.edu/people/javor.8
17c4293e-db01-49b7-bce3-6591e1b0bfb5,Isabelle Ayoub,https://wexnermedical.osu.edu/find-a-doctor/isabelle-ayoub-md-53543
17c9e5cb-5a35-4b43-95a3-23bd32f68cfa,Marta Nowak,https://knowlton.osu.edu/people/nowak.80
17ea1541-8fe5-4281-a8d3-90cbadc46a41,Richard Bruno,https://ehe.osu.edu/directory?id=bruno.27
18042e21-40ac-44d6-a335-ee66c5e65633,Hp Schwab,https://engineering.osu.edu/people/schwab.192
1861016e-fd33-4031-980a-4cb5510f863a,Jasleen Pannu,https://wexnermedical.osu.edu/find-a-doctor/jasleen-pannu-mbbs-90509
18a39bf7-4f67-4546-b771-a19c00394461,Aram Dobalian,https://cph.osu.edu/people/adobalian
191764a3-ef74-42b6-9ae9-1c935a307166,Chad Bivens,https://engineering.osu.edu/people/bivens.23
1945cddf-a69b-4534-a1ed-919ab4fff463,Ayah Suliman,https://engineering.osu.edu/people/suliman.10
194c74d4-6d15-430c-acaf-c6a76f3a323e,John Bertrand,https://wexnermedical.osu.edu/find-a-doctor/john-bertrand-md-62360
1a4d145a-4f6a-4897-81fe-4213d93c2d00,Mary Jo Burkhard,https://vet.osu.edu/people/mary-jo-burkhard
1a862eb0-c514-421d-9f59-71937377618a,Samuel Akinyeye,https://wexnermedical.osu.edu/find-a-doctor/samuel-akinyeye-md-96495
1ab2789d-777d-43a2-a291-be786d88ecf7,Hiba Mazhar,https://wexnermedical.osu.edu/find-a-doctor/hiba-mazhar-mb-bch-135584
1baddb30-8944-464c-820b-1cb6f49260bb,Manoj Ramachandran,https://wexnermedical.osu.edu/find-a-doctor/manoj-ramachandran-md-61971
1bcc48a7-61cb-45e8-ab1f-47993c28a6ad,Eric Schroeder,https://vet.osu.edu/people/eric-schroeder
1c8630ce-a8a8-4204-9df0-cf33a784fa48,Balasubramaniam Shanker,https://engineering.osu.edu/people/shanker.32
1ca910a1-9ff4-48d7-ae95-cdb4761e3bde,Joe Wetli,https://fisher.osu.edu/people/wetli.4
1e81c135-04fe-43ad-a758-d896da095e51,James Ryan,https://wexnermedical.osu.edu/find-a-doctor/james-ryan-md-1567
1ec5361d-65ad-4e1f-9e96-9b2784adeac1,Hongbo Li,https://engineering.osu.edu/people/li.15242
207e12a6-4169-492d-90a1-5e39840a62ab,Leanne Wegley,https://engineering.osu.edu/people/wegley.12
209b444e-9767-4d1c-bc9e-fac5ef2618c4,Howard Ayanna,https://engineering.osu.edu/people/howard.1727
20ca6c9a-09da-4faa-9974-667f9082dbf7,Mark Conroy,https://wexnermedical.osu.edu/find-a-doctor/mark-conroy-md-60736
215b3154-42f1-43b7-8c5b-cb8eed95981a,Giovanni Lujan,https://pathology.osu.edu/faculty/lujan.html
22301b06-9ad0-433b-ace1-9cd8e5ceff54,Jerome Stasek,https://wexnermedical.osu.edu/find-a-doctor/jerome-stasek-md-27920
22408a0a-246a-4550-984b-2cc604f39880,Michael Neblo,https://glenn.osu.edu/michael-neblo
228b95e9-fbbb-477b-b9a3-04376661963b,John F. Sheridan,https://dentistry.osu.edu/faculty/john-f-sheridan-phd
23d86ec6-d1ba-48db-8918-8fb84cac6c76,Brian L. Foster,https://dentistry.osu.edu/faculty/brian-l-foster-phd
23ff5519-a7e7-45f7-a21c-b9e6271eafb2,Leah Rine,https://optometry.osu.edu/directory/staff/leah-rine
256839dc-5dcc-40ab-aebc-e541aa6db5f0,Adeeti Chiplunker,https://wexnermedical.osu.edu/find-a-doctor/adeeti-chiplunker-md-110753
25809729-7890-44d4-bf76-30aa68b0d39b,Bailey Cunningham,https://hrs.osu.edu/faculty-and-staff/faculty-directory/cunningham-bailey
2597dfe4-be0f-446e-a3e4-232de549b091,Brittany Fonner,https://engineering.osu.edu/people/fonner.11
25d38f12-75e1-46f0-80ba-3a1888e48978,Leeann Lower-Hoppe,https://ehe.osu.edu/directory?id=lower-hoppe.1
25fe45a7-3411-4e93-b050-5696b42d4542,Lisa Knobloch,https://dentistry.osu.edu/faculty/lisa-knobloch-dds-ms
26115ba3-7c2f-45eb-911b-4fc2cdb7f1e6,Hisham Awan,https://wexnermedical.osu.edu/find-a-doctor/hisham-awan-md-26969
270466ab-d75f-484c-8841-50f6fedb18d2,Matthew Exline,https://wexnermedical.osu.edu/find-a-doctor/matthew-exline-md-16016
27161fde-d255-4649-a945-19474410bc60,Adrian Rodgers,https://ehe.osu.edu/directory?id=rodgers.50
27249f2a-f84d-4961-828a-932261b2041d,Laurie Spadaro,https://fisher.osu.edu/people/spadaro.8
274efca1-0375-4c0f-8491-92968ad3132b,Daniel Bachmann,https://wexnermedical.osu.edu/find-a-doctor/daniel-bachmann-md-30486
27737db8-8a33-4078-a0ee-407cfea20605,Nancy Dawes,https://engineering.osu.edu/people/dawes.54
277486e3-a93a-4e25-b7af-074bd20b8078,Elizabeth Hewitt,https://artsandsciences.osu.edu/people/hewitt.33@osu.edu
27ebc7ae-0675-4415-b27e-d40fabdeff80,Carter Fietek,https://engineering.osu.edu/people/fietek.1
28c0eb2f-af20-4e22-b2c3-9fd81adc6b1c,Jeffrey Kneile,https://pathology.osu.edu/faculty/kneile.html
28d6dcfd-bb8b-4a7f-86e4-39a4ed1684f7,Nan Zhang,https://fisher.osu.edu/people/zhang.8318
297cab00-0516-4a4f-937a-5a430bd405e8,Herbert Luo,https://engineering.osu.edu/people/luo.1135
29aff7a5-d1d0-4ebc-abaf-f747f85e0ee5,John Ginley,https://engineering.osu.edu/people/ginley.10
2a856c97-932f-4fd3-bcc0-0a649eef5f37,Sandhya Kochar,https://engineering.osu.edu/people/kochar.1
2a8dac2f-abc5-4669-b4d9-3472c061e653,Daniel McFarlane,https://wexnermedical.osu.edu/find-a-doctor/daniel-mcfarlane-md-39659
2c045701-58e4-4606-b235-8ef8df6a10b3,Greg Schultz,https://glenn.osu.edu/greg-schultz
2c4f2e1e-9e68-4d6b-bce2-966ca9a1aa6b,Kristi Cheramie,https://knowlton.osu.edu/people/cheramie.1
2d87a087-17b4-49a9-86fb-6d1accca0390,Homa Amini,https://dentistry.osu.edu/faculty/homa-amini-dds-ms-mph
2d97d71e-0f07-43f0-9abd-ad99b936cc0e,Gregory Ballash,https://vet.osu.edu/people/gregory-ballash
2da620b3-8e89-4fc9-aa9a-d67973dc1b61,Binnaz Leblebicioglu,https://dentistry.osu.edu/faculty/binnaz-leblebicioglu-dds-ms-phd
2ddfb071-1226-48f2-a4cf-302c6b7ddd2f,John D. Walters,https://dentistry.osu.edu/faculty/john-d-walters-dds-mmsc
2e7dfed9-b28e-45a7-a237-762c60591cd6,Carolyn Chapman,https://artsandsciences.osu.edu/people/chapman.345
2f3cb227-3ac8-4961-b9ae-42c378d6bed1,Gustavo Schuenemann,https://vet.osu.edu/people/gustavo-schuenemann
2fa14a3b-f8d5-4807-ae51-5cefed135ceb,Rebecca Dupaix,https://engineering.osu.edu/people/dupaix.1
302d106b-4e50-4544-a461-a3d2160e3f4f,Chantelle Mundy,https://wexnermedical.osu.edu/find-a-doctor/chantelle-mundy-od-41692
303b6cf1-f92a-4d97-8415-2997cc118129,Brittney Carson,https://vet.osu.edu/people/brittney-carson
30cdf0a4-6ab5-4c99-8eaa-78593e989685,Melissa Bailey,https://optometry.osu.edu/directory/faculty/melissa-bailey
30ed05e7-5657-4581-a3ff-04de6601f705,C. A. Buffington,https://vet.osu.edu/people/c-buffington
313e4b6e-fe0c-4c59-922d-37cd8b55fa6d,Charles Hamilton,https://wexnermedical.osu.edu/find-a-doctor/charles-hamilton-md-24710
3171ee7e-a0da-46ce-b47b-989ddaf117d1,Carly Dearborn,https://glenn.osu.edu/carly-dearborn
32c249d8-e196-41d3-a551-f619b08001d7,Mary Petrulis,https://wexnermedical.osu.edu/find-a-doctor/mary-petrulis-md-137792
32ca37ba-0095-4738-8c08-5127fcced7dc,Aashma Upreti,https://engineering.osu.edu/people/upreti.19
32dfca22-4382-4ae9-bca3-cea80ca8b6fa,Ava Merrifield,https://engineering.osu.edu/people/merrifield.12
33e24079-a0a2-4466-97a9-5814270077e8,Samantha Mendez,https://engineering.osu.edu/people/mendez.144
33f245ca-8e7f-4f30-82ea-2e73dcbbfe17,Jennica Johns,https://wexnermedical.osu.edu/find-a-doctor/jennica-johns-md-49854
340e42d5-c0e7-4ac2-bb31-023a07f7db35,Jennifer Sopkovich,https://wexnermedical.osu.edu/find-a-doctor/jennifer-sopkovich-md-61259
34198ab6-2f18-4862-a44e-b557a4559bfc,Attila Oravecz,https://engineering.osu.edu/people/oravecz.6
34abedad-780e-4c61-84b7-dbdd7189c7d0,Hanane Moussa,https://engineering.osu.edu/people/moussa.45
35260108-1c05-4f47-aa3b-715db19a0b2b,Kristen Jackson,https://wexnermedical.osu.edu/find-a-doctor/kristen-jackson-phd-47925
3552c93a-cc50-4680-8044-6ba1791d6855,Jennifer Sabatino,https://medicine.osu.edu/find-faculty/clinical/internal-medicine/jennifer-sabatino
3569c536-e9d9-4dfc-b24e-9c57d047e64c,Matthew Reilly,https://oatl.osu.edu/people/reilly.196
35d9f83e-467a-48ef-af69-62837fb49d33,Michael Losos,https://pathology.osu.edu/faculty/losos.html
36afa45c-be28-4924-9b93-1b0e0db85d4e,Lauren Kaliszewski,https://engineering.osu.edu/people/kaliszewski.8
36c367fe-4823-4a10-b029-e4609ba3efd4,Antoinette Pusateri,https://wexnermedical.osu.edu/find-a-doctor/antoinette-pusateri-md-89557
37339da9-b4eb-4c10-861d-4eacec9d7bd4,Rebecca Walker Reczek,https://fisher.osu.edu/people/reczek.3
375ad040-54eb-4d9b-b7f3-810b4dad4a82,Sandip Mazumder,https://engineering.osu.edu/people/mazumder.2
3874b9bd-06d8-47c2-ba21-440dd11e527b,Lauren Woods,https://engineering.osu.edu/people/woods.1146
38a5f8de-be50-49a2-8373-0087510463d5,Douglas Chonko,https://wexnermedical.osu.edu/find-a-doctor/douglas-chonko-do-21464
38f5b60e-2f96-4e7a-83a6-a452961343e6,Chad Garthe,https://wexnermedical.osu.edu/find-a-doctor/chad-garthe-md-61507
39a99e72-5eb5-44cf-a19d-1e1430c0d276,Hun Lee,https://fisher.osu.edu/people/lee.7313
39e6466e-ad83-4a7d-adb4-b0982fd338df,Haotian Luo,https://engineering.osu.edu/people/luo.1684
3a007d88-7acd-4ce1-8129-c433349a9d77,Gretchen Baker,https://hrs.osu.edu/faculty-and-staff/faculty-directory/baker-gretchen
3a14be18-9c54-49be-95ac-31c743df8a63,David O. Danesh,https://dentistry.osu.edu/faculty/david-o-danesh-dmd-mph-ms
3aaf8c08-58ed-47c5-9a1b-f4d77a132461,Rebecca Shaheen,https://engineering.osu.edu/people/shaheen.79
3b359b65-da2b-4304-b06f-b63131f763f2,Amy Speeckaert,https://wexnermedical.osu.edu/find-a-doctor/amy-speeckaert-md-61938
3b83a7c6-5723-4b4c-bd8b-05d29674c6d9,Caroline Shin,https://engineering.osu.edu/people/shin.768
3b87c30c-c7f8-4ea2-af04-48fe1d885bf2,Hamish Fraser,https://engineering.osu.edu/people/fraser.3
3bbf4ce9-2921-437a-8f6a-e9aadd4ffaf3,Dane Elliott,https://engineering.osu.edu/people/elliott.634
3bc61c9e-1892-416b-9afb-bc8c4ffd5ec3,Brent Lampert,https://wexnermedical.osu.edu/find-a-doctor/brent-lampert-do-49262
3c40c3c5-3d18-48cc-b3d8-e5543536ef91,Heather Bowen-Jones,https://optometry.osu.edu/directory/faculty/heather-bowen-jones
3c524a20-c582-49df-b04b-cec53f82a38a,Carol Smidts,https://engineering.osu.edu/people/smidts.1
3c527d1a-9efc-4ad2-9f92-6af02726be87,"Nallamothu, Naga Swetha",https://engineering.osu.edu/people/nallamothu.7
3c856af9-15c9-4300-898f-0c2fb9874816,Jennifer Mclendon,https://fisher.osu.edu/people/mclendon.4
3d26c6bb-30f6-4002-9e91-53e648964099,Abby Williams,https://wexnermedical.osu.edu/find-a-doctor/abby-williams-pa-c-81609
3d2e67f9-802d-4b90-9f9c-39867f042a80,Austin O'Quinn,https://engineering.osu.edu/people/oquinn.18
3d2eb3bf-528b-44b5-b82e-cc622670cd67,Hamoud Alhazmi,https://engineering.osu.edu/people/alhazmi.8
3db1ab65-7c69-4f33-a5b1-1b9bd35363d3,Richard Makadok,https://fisher.osu.edu/people/makadok.2
3debd261-f308-4b6a-9859-f8c44144a8d5,Hannah Luchiri,https://nursing.osu.edu/faculty-and-staff/hannah-luchiri
3dfcfc05-5bb8-40e3-9faa-6a18f6648339,Jk Lee,https://engineering.osu.edu/people/lee.71
3e96e7cc-edcd-4ebc-b6df-140bb5588d2a,Henry Leon,https://engineering.osu.edu/people/leon.156
3f272787-0a9a-4a5e-965c-20614c583ac5,Christa Newtz,https://nursing.osu.edu/faculty-and-staff/christa-newtz
40192ccd-cb7e-4783-ac64-113793b6ace5,Bryan Weaver,https://engineering.osu.edu/people/weaver.877
404ed6d5-5c74-44d8-a538-00475e343b47,Andrew Blatter,https://glenn.osu.edu/andrew-blatter
4060ef02-e736-459d-8a20-300ecaa6038b,Jennifer Cherkauskas,https://glenn.osu.edu/jennifer-cherkauskas
40851c8c-4fd7-46cf-b93e-359ad9945a35,Michael Guertin,https://wexnermedical.osu.edu/find-a-doctor/michael-guertin-md-2471
408dd666-d260-4dab-9a97-045982445706,Khadija Abdelhadi,https://engineering.osu.edu/people/abdelhadi.4
40c8ad33-e7c8-4034-9fd7-e864c4006d21,Brenda R. Clark,https://cph.osu.edu/people/bclark
40f3632e-ab21-4250-a64b-f1803c4a1b29,Christopher Kaeding,https://wexnermedical.osu.edu/find-a-doctor/christopher-kaeding-md-1865
40f5cfda-5342-47f1-ab48-62f4e692e893,Michael Baria,https://wexnermedical.osu.edu/find-a-doctor/michael-baria-md-70697
40feef33-149c-4f1a-b1c6-154a8218160d,Margaret Kirwin,https://wexnermedical.osu.edu/find-a-doctor/margaret-kirwin-md-89859
415fbef9-0533-4434-82c9-800429cefc42,Li Lu,https://engineering.osu.edu/people/lu.1350
417f2cab-ea22-4ab6-8ba3-f01068587bd4,Amy Baumann,https://wexnermedical.osu.edu/find-a-doctor/amy-baumann-md-62039
419047c6-9825-4790-8585-8bd2c2cb2064,Richard Higgins,https://engineering.osu.edu/people/higgins.111
4191ef9f-ea30-4712-b510-bb4b952ddeb2,Carlos Guzman,https://engineering.osu.edu/people/guzman.109
4196eebc-096f-4c16-a69a-580e48970197,Annette Beatty,https://fisher.osu.edu/people/beatty.86
41be5fc9-78ce-4175-b720-4239d8b3f98a,John Crawford,https://cph.osu.edu/people/jcrawford
41fd379d-21b7-4d17-a948-98248305a295,Clarisse Goas,https://wexnermedical.osu.edu/find-a-doctor/clarisse-goas-aprn-cnp-50128
4232fb72-2df4-492b-88bf-b3ecfd3287dd,Heather Shepherd,https://engineering.osu.edu/people/shepherd.550
42534ed5-dc3e-415f-b5c7-3b4248eeae82,Levi Duhaime,https://engineering.osu.edu/people/duhaime.6
42689d54-1df8-453e-8661-c5fea4e35416,Christine Bishop,https://artsandsciences.osu.edu/people/bishop.42
42ca8740-7b23-47d4-b740-33b1cdc1c688,Aaron Jencks,https://engineering.osu.edu/people/jencks.5
42d753d7-ba1a-44b9-93de-0f08c5fc3d7a,Helya Honarpisheh,https://engineering.osu.edu/people/honarpisheh.1
435c9d6b-abd3-456f-b21e-161323ee4eeb,Carlos Corona,https://fisher.osu.edu/people/corona.55
437604d9-6250-46a5-aa68-31c78781120d,Samer Watchi Hayek,https://engineering.osu.edu/people/watchihayek.1
43e24f9d-cd54-43df-ad15-b544a44eabf1,Mohid Khattak,https://engineering.osu.edu/people/khattak.9
441a7be9-3c91-4c16-8c05-9d4b478ce650,Jacqueline King,https://wexnermedical.osu.edu/find-a-doctor/jacqueline-king-aprn-cnp-177563
44229768-27be-4c1a-a9b2-218044395783,Dan Crawford,https://optometry.osu.edu/directory/faculty/dan-crawford
44e49c40-862a-4fa0-bf0b-d9f2f97904d8,Lee Strang,https://moritzlaw.osu.edu/node/6537
45157d3e-70bc-4a14-9855-355e9de48bc5,Ishtiaque Ahmed Showmik,https://engineering.osu.edu/people/showmik.1
45299a19-de98-4917-853f-bc119a848459,Jim Stagge,https://engineering.osu.edu/people/stagge.11
45371d67-2ec2-4865-acce-cb2d475cb9cd,Laura Hostnik,https://vet.osu.edu/people/laura-hostnik
4585198f-6eb7-4105-bdf8-7ff4ad4530bf,Ashley K. Fernandes,https://www.nationwidechildrens.org/find-a-doctor/profiles/ashley-kr-fernandes
45c4aa95-4ee5-4f25-a128-80e10ad50770,Leisa Boakye-Dankwah,https://nursing.osu.edu/faculty-and-staff/leisa-boakye-dankwah
45c63c43-e807-4f64-aae1-6f98c0868684,Jacqueline Jepsen,https://wexnermedical.osu.edu/find-a-doctor/jacqueline-jepsen-md-124643
45f8fa98-b699-4b59-8b2b-8a394f802b24,Hyungyu Jin,https://engineering.osu.edu/people/jin.129
466c9e5a-184a-4f12-97ec-d50eb4e4496d,Brandi Manning,https://wexnermedical.osu.edu/find-a-doctor/brandi-manning-do-112629
46a1205a-e01f-49d4-b603-97aebc9a0817,Kojo Benefo,https://engineering.osu.edu/people/benefo.2
46a416b5-cb01-4a7a-9dcd-f2b2addae2c6,Chandan Kumar,https://engineering.osu.edu/people/kumar.1144
46ae89e1-261e-44f3-bc03-8fbe2f00d3a1,Nasir Ahmed,https://engineering.osu.edu/people/ahmed.1300
46c3697c-847c-4cc0-ab7d-ac73045c7994,Laurence Gerckens,https://engineering.osu.edu/people/gerckens.1
4754bb71-2bbf-4ec4-b725-183218c0aec3,Kozue Isozaki,https://fisher.osu.edu/people/isozaki.1
47957941-dedf-446b-87a9-6dd4f247adc1,Deena Chisolm,https://cph.osu.edu/people/dchisolm
47c657e5-5763-4744-b0b3-97f700cd63bb,Md Sakib Anwar,https://engineering.osu.edu/people/anwar.40
47d1a0bf-a497-4400-b1f8-76169c82f700,David Rogers,http://www.nationwidechildrens.org/david-l-rogers
481eca04-f689-495f-89ea-41edb96e3212,Hilary Draper,https://engineering.osu.edu/people/draper.36
48823ad7-7837-4770-8863-293156415750,Jodi Ulloa,https://nursing.osu.edu/faculty-and-staff/jodi-ulloa
48d5438e-f41a-457a-9a58-bf3809fce672,,
48f30935-e4bf-4f1f-9950-d989e0e309f9,John Bozinovski,https://wexnermedical.osu.edu/find-a-doctor/jovan-(john)-bozinovski-md-95928
49de723a-b75e-4278-87f3-dc8502950de7,Henk Colijn,https://engineering.osu.edu/people/colijn.1
4a1222cd-57e5-4483-95aa-4a0ba661e4c3,Hangjun Cho,https://engineering.osu.edu/people/cho.1363
4ac6b45f-fbfc-4b7b-bf5b-d73420195f9e,Sandra Mamrak,https://engineering.osu.edu/people/mamrak.1
4b0c5e62-852a-4d6d-8d53-482597f694b3,Heather Tubbs Cooley,https://nursing.osu.edu/faculty-and-staff/heather-l-tubbs-cooley
4b36a6d3-5cf9-416a-b472-b5feda5b5487,Harnarayan Singh,https://engineering.osu.edu/people/singh.1281
4b373496-f8b3-4b2e-8f3e-4949d2681d39,Nanditha Gayathri Srinivasan,https://engineering.osu.edu/people/gayathrisrinivasan.1
4b767457-9e55-4b54-a7c2-74cb896e93fa,Nanduni Chandrasiri,https://engineering.osu.edu/people/chandrasiri.3
4bb86e67-5435-4472-aac1-ae567d57abac,Richard Batts,https://fisher.osu.edu/people/batts.1
4bdd018a-467a-489f-994d-41df0effa6d0,Sandra Kostyk,https://wexnermedical.osu.edu/find-a-doctor/sandra-kostyk-md%2c-phd-4772
4d354864-78d8-470e-876e-eeb674c3ec3d,Narmada Ponnamperuma,https://engineering.osu.edu/people/ponnamperuma.1
4da3a266-103d-473e-a7d7-bbb7d6cb15ab,Samantha Trzinski,https://engineering.osu.edu/people/trzinski.1
500629de-7cbf-4394-83b4-3d440caabe88,Gia Barboza-Salerno,https://csw.osu.edu/faculty/barboza-salerno-gia/
508e97da-dafe-4098-bc9b-61fd8180e3b1,Cara Berg,https://engineering.osu.edu/people/berg.192
52f7f221-b9f8-4a19-8e50-50296e758db2,Samantha Krening,https://engineering.osu.edu/people/krening.2
532aa647-b57c-4c6f-85d2-266c83be848d,San-San Cooley,https://optometry.osu.edu/directory/faculty/san-san-cooley
54c6c771-c792-4ac2-bc77-7ded5967f9ed,Hanna Wooley,https://wexnermedical.osu.edu/find-a-doctor/hanna-wooley--144280
558b04b7-4446-43d7-b487-06d294ca47de,Ayonga Hereid,https://engineering.osu.edu/people/hereid.1
56376c43-c156-4d41-bede-bf8c009bf819,Renea Hittle,https://engineering.osu.edu/people/hittle.30
577c2a70-784c-478a-9fa5-780ebfef469b,Kristen Campbell,https://optometry.osu.edu/directory/staff/kristen-campbell
5821b08d-29bc-4ab1-afcd-dd3e8a9f0502,Risa Pesapane,https://vet.osu.edu/people/risa-pesapane
59f10910-6763-4514-8c04-b97003af0536,Hassan Iftikhar,https://engineering.osu.edu/people/iftikhar.15
5b368fdd-1a8e-4605-a6d2-21c83c839143,Hansen Rallis,https://artsandsciences.osu.edu/people/rallis.3
5badb7b4-7d7c-452e-92da-818f10476f5f,Aaron Sines,https://engineering.osu.edu/people/sines.49
5bb2f2cd-1b0b-44e3-a332-d74b5fb4d024,Haochong Chen,https://engineering.osu.edu/people/chen.9286
5c770fce-f41f-42f5-b1ec-c43abf46e78c,Richard Taylor,https://engineering.osu.edu/people/taylor.16
5d53c2db-fbac-4a29-83fc-e811d6e8f103,Halil Sezen,https://engineering.osu.edu/people/sezen.1
5e270a45-2e92-4530-a1a6-5a454e7f8e62,John Blackburn,https://fisher.osu.edu/people/blackburn.3
5e57e902-3973-4db9-b8a3-a80214b09761,Brigid Arace,https://nursing.osu.edu/faculty-and-staff/brigid-arace
5ec5b673-8100-4dd9-9c84-4c952bddd107,Richard Jagacinski,https://engineering.osu.edu/people/jagacinski.1
5edee454-cd0a-488f-b3fc-9ade1178fecf,Len Brillson,https://engineering.osu.edu/people/brillson.1
5f270ec1-166f-4530-b7fa-3d368b59f370,John Fellingham,https://fisher.osu.edu/people/fellingham.1
5fddb136-fced-41bf-af98-4cf481574f5d,Hannah Holbert,https://fisher.osu.edu/people/holbert.59
61de3772-966e-4bc5-a3b3-53457345e2b9,Gerald Frankel,https://engineering.osu.edu/people/frankel.10
6385c00c-850b-48f8-98ee-3817882d2dd6,Cesar Rodriguez,https://engineering.osu.edu/people/rodriguez.1650
639757dc-3f3a-4527-a564-91096aefa730,Carmen Babai,https://engineering.osu.edu/people/babai.6
6399f9d4-727c-4331-94e9-0f9b90df2903,Haojun Li,https://engineering.osu.edu/people/li.14118
6495541f-8ed9-403c-8c82-c32bb352b678,Brian Bingham,https://engineering.osu.edu/people/bingham.19
64f2ff8e-e1ad-4acf-9e20-d2b768ae76d8,Hari Subramoni,https://engineering.osu.edu/people/subramoni.1
66d966bd-d8ed-40d3-8b82-775433d29dfd,Richard Denning,https://engineering.osu.edu/people/denning.8
6742b1fe-dc00-485a-b5fb-412d9579d02c,Geetanjali Prasad,https://engineering.osu.edu/people/prasad.186
680f8502-eddc-4287-b525-e2fd6799121f,Rebecca Kim,https://csw.osu.edu/staff/kim-rebecca-phd/
687ac3f4-43cb-41ec-a018-0c39354f2e49,John Buford,https://hrs.osu.edu/faculty-and-staff/faculty-directory/buford-john
6a227fe2-75be-4478-bc7c-891c9ceba949,Patricia Blake,https://nursing.osu.edu/faculty-and-staff/patricia-blake
6a3c6750-bc92-4300-b14a-cbd3f7eeb37c,Halina Steiner,https://knowlton.osu.edu/people/steiner.298
6b7eb07e-0530-4050-bf99-eb9ff563c5cd,Autumn Bermea,https://ehe.osu.edu/directory?id=bermea.2
6bab8eb4-a5e9-4797-beb3-47adfe4d4177,Kori Duling,https://engineering.osu.edu/people/duling.39
6bfc0ffe-6309-4eac-94ce-b3d6ed0aecac,Awais Ali,https://nursing.osu.edu/faculty-and-staff/awais-ali
6cdec24a-f9cc-443c-bb9d-250fc8be796b,Anish Arora,https://engineering.osu.edu/people/arora.9
6e09eca7-7e09-4109-a7dc-cfe4ba06ef6a,Bruce Barnes,https://fisher.osu.edu/people/barnes.536
7074c0d5-1049-4694-a944-0da0a20e874c,"Nandi, Arnab",https://engineering.osu.edu/people/nandi.9
70f5fdad-163f-4628-a6a0-ffd976de585e,Harikesh Byrandurga Gopinath,https://engineering.osu.edu/people/byrandurgagopinath.1
715290e1-929c-4ec9-bca9-86b400216094,Kitty Reeves,https://engineering.osu.edu/people/reeves.92
7183606e-0fed-49f6-97e2-38c9e3ec6ab7,Lauren Hill,https://nursing.osu.edu/faculty-and-staff/lauren-hill
71b10dda-1a79-4a6b-9ef9-a36633f12290,Namrata Banerji,https://engineering.osu.edu/people/banerji.8
71e8cd1f-2157-493b-819b-74b01aa09a00,Nancy Ryan-Wenger,https://nursing.osu.edu/faculty-and-staff/nancy-ryan-wenger
7351e7e9-a619-4b0d-8e47-0a57819bee49,Henry E. Wang,https://wexnermedical.osu.edu/find-a-doctor/henry-wang--120271
73fbff13-8e6b-46e2-ae1a-19fef6493930,Lena Ruban,https://engineering.osu.edu/people/ruban.1
74f162b4-6f8b-4c5b-b02f-a22ebff4ff62,Hend Abououf,https://engineering.osu.edu/people/abououf.1
762dec59-0d06-45c9-9be2-4f829959bc7d,Lei Wang,https://engineering.osu.edu/people/wang.1115
7774aab7-71c2-4894-8e97-bda64ace6243,Joe Arnold,https://fisher.osu.edu/people/arnold.974
77939bdf-595d-4fcf-8ee1-3c4816bf9ede,Lee Ann Schwope,https://engineering.osu.edu/people/schwope.3
78418864-a4a7-4f82-93ce-93d4a84a0df7,Joe Waxman,https://engineering.osu.edu/people/waxman.49
79c42186-3647-4005-90b1-8bced7a967b4,Christopher Jaroniec,https://artsandsciences.osu.edu/people/jaroniec.1
7abf795b-aff0-426e-a224-12446e999436,Gary Maul,https://engineering.osu.edu/people/maul.1
7b795c6b-36e7-4214-92bd-cc2aef0f2479,Narasi Sridhar,https://engineering.osu.edu/people/sridhar.13
7d4bba25-ec5d-4f32-b2b4-cf7e855980e7,Clair Farris,https://engineering.osu.edu/people/farris.94
7d4bf949-5f3d-4d28-bae4-ef2e33c7d498,Samuel R. Hodge,https://ehe.osu.edu/directory?id=hodge.14
7dba8267-1bb4-4932-a8fd-41afb92f056d,Laurence Coutellier,https://wexnermedical.osu.edu/neurological-institute/researchers/laurence-coutellier-phd
7e56ee57-c4ac-4f0a-825e-273e8ec2a99b,Hazel Morrow-Jones,https://engineering.osu.edu/people/morrow-jones.1
7e69f0e2-42de-41f8-92df-ded9d8d042ee,Cole Westrick,https://engineering.osu.edu/people/westrick.53
7ecdfdef-a754-4d54-b933-394a7f2cabc3,Halle Hara,https://moritzlaw.osu.edu/node/1089
7fa2634d-61f9-40a5-9b01-e2d9c15d2598,Jim Kinard,https://fisher.osu.edu/people/kinard.1
811822cb-ac49-4c9f-bddc-47717fb0919c,Cameron Rasey,https://engineering.osu.edu/people/rasey.13
820b32e3-c3cb-4011-b8bb-fd37f402fbcf,Carroll Mobley,https://engineering.osu.edu/people/mobley.1
8215e62c-4cd3-4f39-b710-e0240d0cc8ce,Naeem Shareef,https://engineering.osu.edu/people/shareef.1
82a5f9f0-831e-4eea-a9df-3ec175e15447,Kristel Aoun,https://nursing.osu.edu/faculty-and-staff/kristel-aoun
83aab2ac-87f0-4569-9a92-e8832f7d524d,Nancy Mendoza,https://csw.osu.edu/faculty/mendoza-nancy-ph-d/
83dd7d07-fcf9-4899-9911-3abe08349e9a,Johannes Schlondorff,https://wexnermedical.osu.edu/find-a-doctor/johannes-schlondorff-md-137270
841c0dad-2458-483d-a192-224915d08ea6,Matt Sheridan,https://fisher.osu.edu/people/sheridan.146
844a8432-974a-4751-a4e9-d1f09ae6a223,Haley Whitt,https://engineering.osu.edu/people/whitt.192
852be21e-4c42-43dc-a3c4-a5ed67ea7884,Kristen Heitman,https://hrs.osu.edu/faculty-and-staff/faculty-directory/heitman-kristen
856e59cf-8437-4aa5-9cf6-24a5a7056a36,Aaron Brimmer,https://engineering.osu.edu/people/brimmer.10
85de9788-ed72-47ee-9ecf-b30bdeeff910,Lawrence Inks,https://fisher.osu.edu/people/inks.3
85e50273-afdb-4ea8-83cd-58803211bfd9,Marliese Nist,https://nursing.osu.edu/faculty-and-staff/marliese-nist
85eea401-e30d-45fe-abb5-dbc3320badf2,Abby Charlton,https://engineering.osu.edu/people/charlton.94
85fa6a50-d1f5-4419-8adc-40c8f331ee80,Christopher Lucak,https://fisher.osu.edu/people/lucak.5
85fdb5af-1492-4bc3-aea9-6bfbddefc808,Harley Etienne,https://knowlton.osu.edu/people/etienne.21
865dc929-5437-4774-9e88-ad3fc3716ecc,Sami Alzahrani,https://engineering.osu.edu/people/alzahrani.76
87ae494a-cd69-49e5-bf0b-3a45158fb6c0,Rebecca Sallade,https://artsandsciences.osu.edu/people/sallade.3
87d8ca52-fb62-4f18-8400-1f251431ebb0,Matt Newman,https://engineering.osu.edu/people/newman.579
8843b726-1691-4b4d-90cb-0b96ae43f09f,Leslie Fine,https://fisher.osu.edu/people/fine.5
88fda836-8491-48a3-bacd-a9ab15decd85,Chao Wang,https://engineering.osu.edu/people/wang.15147
8920e6a9-79d2-4317-8ab1-a1f01aa96cb0,Hayrani Oz,https://engineering.osu.edu/people/oz.1
8a41eb2d-d6f1-467a-b109-2a47d21704d9,Cathy Pannebaker,https://optometry.osu.edu/directory/faculty/cathy-pannebaker
8b2fc49b-c5de-4334-a5e3-662bec9db868,Hannah Pineault,https://engineering.osu.edu/people/pineault.1
8bf8d8e8-b47b-46a3-b6b3-7a7f97d96379,Rebecca DeLozier,https://engineering.osu.edu/people/delozier.34
8bff7bb2-1a2d-4512-9350-0b7fa8765ec0,Aaron Klein,https://fisher.osu.edu/people/klein.795
8c248c3a-7514-43ce-bd06-fc57fadb6dbb,Anton Schenk,https://engineering.osu.edu/people/schenk.2
8cd8e592-e504-4951-9ea6-9d77520ef1cb,Chad Moorman,https://engineering.osu.edu/people/moorman.144
8d2074bf-c28e-4cd5-8a36-45e908f83ea6,Marshall V. Williams,https://medicine.osu.edu/find-faculty/non-clinical/cancer-biology-and-genetics/marshall-v-williams
8ec52498-8e40-4cbb-a506-34ce8e43bd58,Hanyang Liu,https://engineering.osu.edu/people/liu.12021
8ffb20df-ab65-417d-99ae-ccf6c8610e98,Igor Adamovich,https://engineering.osu.edu/people/adamovich.1
901c32ee-809e-4c5e-b9ba-46c4da89b441,Lauren Miller,https://engineering.osu.edu/people/miller.7504
92266f5b-18f8-441f-8785-44450501c68d,Samiul Alam,https://engineering.osu.edu/people/alam.140
9232f1b4-aa77-456e-a721-d9874c0cb259,Hannah Shively,https://nursing.osu.edu/faculty-and-staff/hannah-shively
9281e5e4-e3cd-4444-a031-edbacd8c5e9c,Abeir Khalid,https://nursing.osu.edu/faculty-and-staff/abeir-khalid
92e41d48-a4a5-457e-94e7-f39835d7b3b8,Abbey Boals,https://hrs.osu.edu/faculty-and-staff/faculty-directory/boals-abbey
940a540a-3a7a-478b-9c0c-08eacedb37c6,Samuel Tibbs,https://engineering.osu.edu/people/tibbs.28
94623bac-df58-4c31-9cec-c0cc4f8aba07,Rhiannon Black,https://engineering.osu.edu/people/black.1285
952940f3-e1b4-4df4-b144-643bc19c6bff,Leslie Callihan,https://engineering.osu.edu/people/callihan.23
958e8e54-24aa-4b9c-a97c-4c5ede8f5198,Brona Gay,https://nursing.osu.edu/faculty-and-staff/brona-gay
970ca8dd-7e3d-4e11-9171-67b3d390114c,Henry Zhang,https://engineering.osu.edu/people/zhang.11777
977f112c-bbbf-423b-9bcc-a6932d60f2a5,Heather Davis-Kohli,https://engineering.osu.edu/people/davis-kohli.1
9834a76d-887b-4fd0-92a5-6f48858840fa,Lauren Taylor,https://engineering.osu.edu/people/taylor.4676
98c74619-0ba3-4519-8011-2ee4faedbdb8,Richard Bodonyi,https://engineering.osu.edu/people/bodonyi.1
98cf1a42-29ef-4ae2-9ba1-962304cf8428,Halle Harris,https://engineering.osu.edu/people/harris.2687
995ac6a7-6332-43fb-a39f-201048cb568f,"Narui, Yoshie",https://engineering.osu.edu/people/narui.2
9993c376-f618-4237-8f71-92eb6005ca3f,Hemant Ghadi,https://engineering.osu.edu/people/ghadi.1
9a10f2d6-20d1-40a5-9b64-93ffded63ba1,Lauren Bennett,https://wexnermedical.osu.edu/find-a-doctor/lauren-bennett-pac-145722
9c3077e0-547d-493b-b17f-f18bbc9e2622,Hannah Croft Bushman,https://fisher.osu.edu/people/bushman.39
9c96b5d0-e9f5-48bd-b533-bf6c12db5f52,Natalia Higuita Castro,https://engineering.osu.edu/people/higuitacastro.1
9d165e7e-08c8-47a7-bee4-c3f465ea4db3,Jinwoo Hwang,https://engineering.osu.edu/people/hwang.458
9d21ab93-26a0-413e-bebd-fe4998b3b514,Henry Busby,https://engineering.osu.edu/people/busby.2
9d8a3eb3-99ca-466f-859b-375b9e169a8a,Joe Saroufim,https://engineering.osu.edu/people/saroufim.1
9ebb36f0-7c3c-47c6-a7cc-b08a28482956,Marka Gehrig,https://hrs.osu.edu/faculty-and-staff/faculty-directory/gehrig-marka
9eede28f-8381-4565-8154-872ada0f68d3,"Bakshi, Bhavik",https://engineering.osu.edu/people/bakshi.2
9f684a0d-70c1-45c4-b228-61ed55553439,Lee Potter,https://engineering.osu.edu/people/potter.36
a10286c3-66b3-4bb7-a6da-27361b481759,Rebecca Blanton,https://fisher.osu.edu/people/blanton.207
a1a8b6f1-dfe7-4174-b96f-03ddac3909b3,Kontorn Thammakul,https://engineering.osu.edu/people/thammakul.1
a1aa08e7-ae2b-430a-8c01-bcb42a45f4ba,Kortney Geiger,https://engineering.osu.edu/people/geiger.310
a2318b7b-626c-4d26-b866-f90a357bad50,Dhiman Roy,https://engineering.osu.edu/people/roy.467
a26a145f-2aaf-4291-a95c-99b6907ee7be,Greg Nagy,https://ehe.osu.edu/directory?id=nagy.8
a26b287b-4a1e-47ea-acc4-066c355a0c68,Mahmoud Ibrahim,https://engineering.osu.edu/people/ibrahim.390
a2e9fcea-094d-4183-8e4b-8bd89e194443,Ric Simmons,https://moritzlaw.osu.edu/node/205
a33b860d-8189-4950-9f61-db137f034a9c,Aaradhya Aaradhya,https://engineering.osu.edu/people/aaradhya.1
a846f386-b977-4ea9-ac25-b107e6bf0163,Robert Samuelson,https://engineering.osu.edu/people/samuelson.2
a91ed44e-ab40-402c-8a29-12732ab4c270,Aishwarya Rao,https://engineering.osu.edu/people/rao.537
a93973d3-3a53-4f4d-822f-93885e09dcda,Nam Chu,https://u.osu.edu/chu-685/our-research/
ab22f37d-7d61-4c0c-921e-7d2fa408a0d0,Carol Kennedy,https://nursing.osu.edu/faculty-and-staff/carol-wylie-kennedy
aba9079a-c72f-4c4c-a321-77e8bc82ab68,Nancy Gilbertsen,https://fisher.osu.edu/people/gilbertsen.2
abaad238-45a4-4c8e-b5e1-40d1a430d204,Sandra Soto-Caban,https://engineering.osu.edu/people/soto-caban.1
abef228c-b0e1-49c2-9b41-baa5faedda2f,Harshad Paranjape,https://engineering.osu.edu/people/paranjape.2
ac7bd750-afd2-42fe-8133-302c5e3137bb,Heather Payne,https://moritzlaw.osu.edu/node/6163
af3e3a41-5f63-4bc5-8e2f-4fcac767365c,Carter Heffern,https://engineering.osu.edu/people/heffern.6
b1a10972-c13d-4f8e-96e3-50c2a87aa670,Sandra Solove,https://nursing.osu.edu/faculty-and-staff/sandra-solove
b1c662b8-e171-4f59-8921-947732c76c3c,Hanho Lee,https://fisher.osu.edu/people/lee.10062
b2efdfb2-6ffb-44bb-a330-c57093d0e0df,Richard Dick,https://senr.osu.edu/our-people/richard-p-dick
b41080a1-bb97-4445-ab0b-9ad32e7644e1,Richard Ridgway,https://engineering.osu.edu/people/ridgway.57
b50a553f-d99a-43f4-aa25-e1011360ea40,Joe Button,https://engineering.osu.edu/people/button.52
b543da17-72e9-45a6-a712-315c9e6d112e,Leon Madrid,https://engineering.osu.edu/people/madrid.1
b629100b-7d04-4767-bf45-80b75bca044b,Namit Rasalkar,https://engineering.osu.edu/people/rasalkar.2
b7d1ec7d-de9e-4b08-a585-fd83b40b29f9,Nancy Hale,https://wexnermedical.osu.edu/find-a-doctor/nancy-hale-aprn-cnp-84295
b7eafa7a-d511-4257-8b2a-7ca227eac399,Leigh Zircher,https://engineering.osu.edu/people/zircher.6
b81bf547-b9a5-4336-abb2-5e949bf93cb8,Bailey Braaten,https://engineering.osu.edu/people/braaten.7
b850387b-2cfc-4870-977d-4cddf1a94315,Ken Gordon,https://engineering.osu.edu/people/gordon.955
b88ea924-3373-4a90-8e69-3e9259b12a7f,Levent Guvenc,https://engineering.osu.edu/people/guvenc.1
b8a2987c-b692-4b5d-b462-900c7a325351,Dylan Williams,https://fisher.osu.edu/people/williams.4591
bac6c357-16ef-4dbf-9427-17cd706776f7,Hayden Ellzey,https://engineering.osu.edu/people/ellzey.10
bbc54e13-a371-4f3e-85d6-7227153a3513,Lauren Schneider,https://optometry.osu.edu/directory/staff/lauren-schneider
bc159c14-61bf-46ba-bfb7-e3839fa4a654,Samuel Filgueira da Silva,https://engineering.osu.edu/people/filgueiradasilva.1
bc6adaec-1435-4b73-976a-424f15d48139,"Ball, Christopher",https://engineering.osu.edu/people/ball.51
bcd5074f-8918-4b51-ae42-98ee2a04de20,Christine Warner,https://ehe.osu.edu/directory?id=warner.55
bd553df9-ced9-40f2-9c65-3816d19a8d0a,Koorosh Delavari,https://engineering.osu.edu/people/delavari.2
bf46d2fe-2d64-451d-9ee9-27ea777802b9,Sandra Metzler,https://engineering.osu.edu/people/metzler.136
bff08c2f-4bc2-4a9d-9c5f-4fab8bdcff39,Carol Sharp,https://fisher.osu.edu/people/sharp.92
c1bf3116-6a71-4236-9bdb-dddfa9ca75b4,Abby Mapili,https://engineering.osu.edu/people/mapili.1
c4fbeea7-9abb-4990-a742-42bec92e3707,Lauren d'Albertis,https://engineering.osu.edu/people/dalbertis.1
c543e8ee-2f19-4c8b-90eb-888b38b00cb1,Leonardo Kluppel,https://fisher.osu.edu/people/kluppel.1
c66eeb00-5fc3-43f2-86eb-26ddf5c6f55b,Rich Brown,https://fisher.osu.edu/people/brown.8537
c723457f-8526-40e8-8f38-7bd6759b2ddd,Ghalli Mashud,https://engineering.osu.edu/people/mashud.1
c7553d48-4f97-415c-b8db-c185f957c1c0,Rick Young,https://fisher.osu.edu/people/young.53
c8a032c5-440a-4c23-a9fc-fe31a478f42c,Rick Parent,https://engineering.osu.edu/people/parent.1
c9cfcf6e-9fcc-4ad3-bad4-c31c580d63b9,Richard Li,https://engineering.osu.edu/people/li.10062
c9dc43e4-564b-48cc-8d43-7baa361c8c56,Ziheng Zhang,https://engineering.osu.edu/people/zhang.13617
ca017af1-ccb2-4dcd-98e4-0da7d5dca7d2,Hannah Storer,https://optometry.osu.edu/directory/staff/hannah-storer
caad37f7-b78c-431b-9840-65a42ebadef6,Renee Fawcett,https://engineering.osu.edu/people/fawcett.78
cad1f6e3-05ae-448a-b499-026577a26104,Heidi Bobek,https://nursing.osu.edu/faculty-and-staff/heidi-bobek
cb750dcd-5bd7-448c-8e66-c67cc1853df0,Carlos Alejandro Vasquez,https://engineering.osu.edu/people/vasquez.220
cc3eead6-1930-4454-a908-f1f431d8760a,Heather Anderson,https://optometry.osu.edu/directory/faculty/heather-anderson
cc7378ea-ab54-4923-b813-4c050034a99c,Rebecca Roby,https://optometry.osu.edu/directory/staff/rebecca-roby
ce81eb5a-7b3c-4602-ac42-3082ddad0b14,Laurie Katz,https://ehe.osu.edu/directory?id=katz.124
cecec1dc-4569-4014-bcd5-5081716c9758,Haley Kuhn,https://engineering.osu.edu/people/kuhn.701
ceec2ec0-a03b-4b45-a765-b2e0201f88b4,Leah Thompson,https://optometry.osu.edu/directory/staff/leah-thompson
cf15b4a4-8281-4d15-a7f1-6f7b6cff1ba9,Nat Shineman,https://engineering.osu.edu/people/shineman.5
d05c8671-26d2-4a8c-b4c3-a2e29233126b,Jiyong Kwag,https://engineering.osu.edu/people/kwag.3
d100ba5f-5e5e-4b7d-9954-3b4420ec8c06,Jinghua Li,https://engineering.osu.edu/people/li.11017
d15d1331-5da2-473f-a1e3-bf6682bda150,Nastaran Alimardaninaghani,https://fisher.osu.edu/people/alimardaninaghani.1
d19360f4-7c2a-4914-9761-5c9828c91258,Nancy Moriber,https://nursing.osu.edu/faculty-and-staff/nancy-moriber
d212a901-e527-4c08-9823-491345faa5c0,Richard Hart,https://engineering.osu.edu/people/hart.322
d26985a3-324f-4c39-80df-5759514edbca,Jeffrey Skowron,https://engineering.osu.edu/people/skowron.18
d2e8ed5b-488a-4d76-8e64-cc3be442d0bd,Carissa Janczak,https://optometry.osu.edu/directory/faculty/carissa-janczak
d37dda83-efe4-402f-90c0-debb25ffa6bb,Reza Averly,https://engineering.osu.edu/people/averly.1
d386afc9-0d2d-4969-938c-e6f0d5431f93,Rick Petosa,https://ehe.osu.edu/directory?id=petosa.1
d3bbd42c-48b5-42c0-829d-731768bf36d6,Hojin Yoo,https://engineering.osu.edu/people/yoo.515
d40f42df-17f7-4584-ba6a-51074e860d0e,Christopher Madden,https://optometry.osu.edu/directory/staff/christopher-madden
d43dadf9-48ca-4840-96bd-0f4a20e095fb,Jimmy Oñate,https://hrs.osu.edu/faculty-and-staff/faculty-directory/onate-jimmy
d50181a4-1b57-40a0-8e5f-128dee3a4d4a,Kristen J. Mills,https://ehe.osu.edu/directory?id=mills.907
d528aa50-99c6-49c9-a5a4-8cd210e3a19c,Rebecca Lorenz,https://nursing.osu.edu/faculty-and-staff/rebecca-lorenz
d5459d9d-d970-47fd-b60b-c4f5153c3862,Rena Roundtree,https://engineering.osu.edu/people/roundtree.262
d612d82c-dc91-4a81-b729-5015bc72c756,"Bakhtiyarzade, Rana",https://engineering.osu.edu/people/bakhtiyarzade.1
d6201d0f-749a-4875-b182-1c9c0bf7b1eb,Samar Long,https://hrs.osu.edu/faculty-and-staff/faculty-directory/long-samar
d64a5fce-0997-4622-a758-ba12ee03cf5e,Lexi McCartney,https://engineering.osu.edu/people/mccartney.192
d6708dd5-e773-4a19-ad02-090c8da83c6e,Samuel Poage,https://engineering.osu.edu/people/poage.6
d69a318c-fed1-406c-affa-c7c315055ce8,Narges Salehi,https://engineering.osu.edu/people/salehi.22
d6b84d41-1f32-4444-8091-d4aa036f7f2c,Christopher Fang-Yen,https://engineering.osu.edu/people/fang-yen.1
d6bb4e84-982c-4850-8c0f-c61998febcdf,Joel Granados,https://engineering.osu.edu/people/granados.26
d6e22e91-477b-4cb7-af7d-0e42c87536f4,Kristen M. Roberts,https://hrs.osu.edu/faculty-and-staff/faculty-directory/roberts-kristen
d6f37fc3-0512-4176-be83-fa679b0af3b7,Patricia Trimmer,https://nursing.osu.edu/faculty-and-staff/patricia-trimmer
d8f6eaa8-83e6-4049-91ab-80973ea5c1f4,Carolina Velasquez,https://engineering.osu.edu/people/velasquez.133
d91f4e11-0286-404e-a3c8-ab052f8f9823,Carlos Castro,https://engineering.osu.edu/people/castro.39
da8bbbab-8d46-4b59-96f8-d9597035ee82,Nancy Shen,https://fisher.osu.edu/people/shen.1856
db4dd4f9-8cf4-4e1f-b9e5-5422dca62641,Hanbyeol Shin,https://engineering.osu.edu/people/shin.922
dbbcffda-5d49-4bb2-8910-3df9ddc655d8,Heather Spisak,https://engineering.osu.edu/people/spisak.13
dc8bc236-8242-439b-ac32-e71ba954d29c,Ronald Reano,https://engineering.osu.edu/people/reano.1
dcb0c29c-a3f3-4bd6-83f1-0b823faf7d4c,Haotian Xie,https://engineering.osu.edu/people/xie.908
dd8f5088-11b0-46be-bf31-601c714a3c41,John Hirth,https://engineering.osu.edu/people/hirth.1
de72756e-5700-4583-8d4d-1b183ade140a,Ahmed AL-Baghdadi,https://engineering.osu.edu/people/al-baghdadi.3
e001a1bf-087b-4388-b424-31b7d20788c5,Jinxin Zhou,https://engineering.osu.edu/people/zhou.3820
e085dd04-41a3-4353-adcc-3eef894a4e2e,Natalia Areiza,https://engineering.osu.edu/people/areiza.1
e17a121e-a899-4e9c-837d-cbe52f587b6b,Hans Herath,https://engineering.osu.edu/people/herath.6
e21dd9e5-5e98-49f7-8c50-1996a7de7bcc,Rhiannon Marshall,https://optometry.osu.edu/directory/graduate-student/rhiannon-marshall
e2499b73-4766-4791-8a54-062a8a95096f,Athar Hanif,https://engineering.osu.edu/people/hanif.6
e269ab9f-10bf-4835-8abf-6f07411e5fdd,Reed Finfrock,https://engineering.osu.edu/people/finfrock.25
e27a5dcf-fd0b-45d7-9989-8b711599b0d4,Lauren Mayberry,https://optometry.osu.edu/directory/staff/lauren-mayberry
e29f61f8-fc36-452e-bd71-18a6488c3dd1,Pankaj Mehra,https://engineering.osu.edu/people/mehra.77
e37369c1-736b-43bf-b49f-cfb99a06695b,Kristen Becker,https://engineering.osu.edu/people/becker.236
e42b3972-9593-4c4c-81b8-e06cee0c5eb1,Praveen Kumar,https://engineering.osu.edu/people/kumar.388
e44f24b5-69fd-49d2-9c65-53867bd00942,Naomi Diniz Farinazzo,https://engineering.osu.edu/people/dinizfarinazzo.1
e4dee6f6-4fe9-41c1-9cb9-7d9c5d12bb4f,Kotaro Tabuchi,https://engineering.osu.edu/people/tabuchi.1
e63e178c-ca72-477a-9521-062f9ebaf4d3,Bruce Bellner,https://fisher.osu.edu/people/bellner.1
e73180b6-49d6-4ba3-a153-01f0c4359676,Kimberly Burton,https://knowlton.osu.edu/people/burton.90
e78c845c-fb98-4c61-8d1b-0a5221b0c1cc,Cassi Stewart,https://fisher.osu.edu/people/stewart.2474
e88178e7-0c56-4a99-ad68-cbb1ec08d208,Lauren Williamson,https://fisher.osu.edu/people/williamson.901
e90a2964-2a1d-4bc5-a2ff-fdd43d6d3339,Chae Won Lee,https://fisher.osu.edu/people/lee.10929
ea2aa34f-74b9-4ec3-b120-0dc698f402e2,Jing Zhao,https://medicine.osu.edu/find-faculty/non-clinical/biomedical-informatics/jing-zhao
ed53c5c5-51b3-4564-b075-c379ae44165d,Harmony Williams,https://nursing.osu.edu/faculty-and-staff/harmony-williams
edeada54-57cf-4ece-b59e-5c2365477882,Harry Hershey,https://engineering.osu.edu/people/hershey.3
f1c7d00d-166f-41a5-8562-b2f3e43e142d,Heidi LaRue,https://hrs.osu.edu/faculty-and-staff/faculty-directory/larue-heidi
f2a33aa5-8b33-45a6-9793-b096aee86105,Aaron Murnan,https://nursing.osu.edu/faculty-and-staff/aaron-murnan
f2c6fbfd-8444-4d76-92db-503a569a982c,Renee O'Shaughnessy,https://nursing.osu.edu/faculty-and-staff/renee-oshaughnessy
f3018e52-4a5c-488b-bda3-2c0ef5cbdb62,Harvey Miller,https://knowlton.osu.edu/people/miller.81
f3fa7f98-5fb1-43ac-99a7-f5ad8a465e38,Samiha Meem,https://engineering.osu.edu/people/meem.3
f41fa169-6d27-452f-9e08-feaa25302d3d,Richard Rapp,https://engineering.osu.edu/people/rapp.1
f611c417-ab97-4a00-b519-993f923eadd0,Samantha Sharpe,https://nursing.osu.edu/faculty-and-staff/samantha-sharpe
f62ad3b1-b552-4cc2-a330-82d0ff97959f,Samuel Kiehl,https://wexnermedical.osu.edu/find-a-doctor/samuel-kiehl-md-18365
f6b73c79-f299-4570-b632-c36e291818af,René Stulz,https://fisher.osu.edu/people/stulz.1
f6ca786e-42ea-4f7b-8c99-702a774d6e6e,Anand Mhatre,https://hrs.osu.edu/faculty-and-staff/faculty-directory/mhatre-anand
f6d8d654-b33f-43db-baab-13c939bfa5ff,Hansol Lee,https://engineering.osu.edu/people/lee.11514
f75b061d-aa01-4d89-a7ea-a0221410df5e,Henry Xiang,https://cph.osu.edu/people/xiang30
f7e0b313-036c-4348-989a-8fbab6ddc7a8,Hendrik Verweij,https://engineering.osu.edu/people/verweij.1
f91bc0ff-d7b1-4e21-b7b1-4a77375ec135,Herman Shen,https://engineering.osu.edu/people/shen.1
fa426acc-2178-425c-aa26-6bd1d74b75d0,Martha Cooper,https://fisher.osu.edu/people/cooper.7
fb17b981-724a-48f7-8e56-77cdb9ba0aeb,Lester Smith,https://engineering.osu.edu/people/smith.48
fbf6bc64-558c-45e0-a103-383dc1a7163b,Samir Ghadiali,https://engineering.osu.edu/people/ghadiali.1
fbfc2f5f-afd4-41f0-8be7-c076987f574c,Carter Huber,https://engineering.osu.edu/people/huber.557
fc03515d-4a64-4d7b-a380-25ac7e82e565,Pat Enciso,https://ehe.osu.edu/directory?id=enciso.4
fc484cdb-d4cc-48be-81e2-a085b4325683,Richard Larew,https://engineering.osu.edu/people/larew.2
fe7c30cb-b55c-4934-8219-1d7965c43751,Leslie Dowler,https://engineering.osu.edu/people/dowler.25
fec3f723-2440-448d-91f6-cb161e427d3f,Nanshan Chen,https://engineering.osu.edu/people/chen.8853
ff4defe8-985b-4f78-861a-b22f0f57892e,Audrey Begun,https://csw.osu.edu/staff/begun-audrey-ph-d/
ffa76627-72f3-4cd0-85b6-ae51115ab96f,Leslie Hill,https://nursing.osu.edu/faculty-and-staff/leslie-hill
ffd483c1-68c4-42ed-9a91-f9b86d547fd2,Jo Peacock,https://senr.osu.edu/our-people/jo-peacock
